{
	"skins": {
		"eui.Button": "resource/eui_skins/ButtonSkin.exml",
		"eui.CheckBox": "resource/eui_skins/CheckBoxSkin.exml",
		"eui.HScrollBar": "resource/eui_skins/HScrollBarSkin.exml",
		"eui.HSlider": "resource/eui_skins/HSliderSkin.exml",
		"eui.Panel": "resource/eui_skins/PanelSkin.exml",
		"eui.TextInput": "resource/eui_skins/TextInputSkin.exml",
		"eui.ProgressBar": "resource/eui_skins/ProgressBarSkin.exml",
		"eui.RadioButton": "resource/eui_skins/RadioButtonSkin.exml",
		"eui.Scroller": "resource/eui_skins/ScrollerSkin.exml",
		"eui.ToggleSwitch": "resource/eui_skins/ToggleSwitchSkin.exml",
		"eui.VScrollBar": "resource/eui_skins/VScrollBarSkin.exml",
		"eui.VSlider": "resource/eui_skins/VSliderSkin.exml",
		"eui.ItemRenderer": "resource/eui_skins/ItemRendererSkin.exml",
		"Start": "resource/scene/Start.exml",
		"SetName": "resource/scene/SetName.exml",
		"Palace": "resource/scene/Palace.exml",
		"Court": "resource/scene/Court.exml",
		"ImageLabel": "resource/eui_skins/ImageLabel.exml",
		"TempScene": "resource/scene/TempScene.exml",
		"BasicCharaItem": "resource/scene/BasicCharaItem.exml",
		"TableControl": "resource/eui_skins/TableControl.exml",
		"TestScene": "resource/scene/TestScene.exml",
		"GuanzhiBiao": "resource/scene/GuanzhiBiao.exml",
		"ImageButton": "resource/eui_skins/ImageButton.exml",
		"Preload": "resource/scene/Preload.exml"
	},
	"autoGenerateExmlsList": true,
	"exmls": [
		"resource/eui_skins/ButtonSkin.exml",
		"resource/eui_skins/CheckBoxSkin.exml",
		"resource/eui_skins/HScrollBarSkin.exml",
		"resource/eui_skins/HSliderSkin.exml",
		"resource/eui_skins/ImageButton.exml",
		"resource/eui_skins/ImageLabel.exml",
		"resource/eui_skins/ItemRendererSkin.exml",
		"resource/eui_skins/MyButtonSkin.exml",
		"resource/eui_skins/PanelSkin.exml",
		"resource/eui_skins/ProgressBarSkin.exml",
		"resource/eui_skins/RadioButtonSkin.exml",
		"resource/eui_skins/ScrollerSkin.exml",
		"resource/eui_skins/TableControl.exml",
		"resource/eui_skins/TextInputSkin.exml",
		"resource/eui_skins/ToggleSwitchSkin.exml",
		"resource/eui_skins/VScrollBarSkin.exml",
		"resource/eui_skins/VSliderSkin.exml",
		"resource/scene/BasicCharaItem.exml",
		"resource/scene/Court.exml",
		"resource/scene/GuanzhiBiao.exml",
		"resource/scene/Palace.exml",
		"resource/scene/Preload.exml",
		"resource/scene/SetName.exml",
		"resource/scene/Start.exml",
		"resource/scene/TempScene.exml",
		"resource/scene/TestScene.exml"
	],
	"path": "resource/default.thm.json"
}