[
  {
    "type": "奏",
    "detail": []
  },
  {
    "type": "吏",
    "detail": ["官职表","调换官员","封爵","清理闲官","开科考试","取消"]
  },
  {
    "type": "户",
    "detail": ["收支表","地图情报","各地方针","户口普查","税率调整","特别征税","强征劳役","取消"]
  },
  {
    "type": "礼",
    "detail": ["外交","贸易","索要","祭祀","取消"]
  },
  {
    "type": "兵",
    "detail": ["军团情报","组建军团","调兵遣将","征召士兵","解甲归田","取消"]
  },
  {
    "type": "刑",
    "detail": ["调查经费","大赦天下","取消"]
  },
  {
    "type": "工",
    "detail": ["武器制造","建筑情报","安排建造","招募工匠","解雇工匠","取消"]
  },
  {
    "type": "军",
    "detail": ["安全检视","加强训练","取消"]
  }
,
  {
    "type": "退",
    "detail": []
  }
]