{
  "countries": [
    {
      "name": "CUR_PLAYER",
      "aggressivity": "80",
      "emperor": "张三",
      "capital": "汉中"
    },
    {
      "name": "罗马",
      "aggressivity": "80",
      "emperor": "...",
      "capital": "火"
    }
  ],
  "cities": [
    {
      "name": "汉中",
      "x": "10",
      "y": "20",
      "country": "CUR_PLAYER"
    },
    {
      "name": "河北",
      "x": "10",
      "y": "20",
      "country": "CUR_PLAYER"
    },
    {
      "name": "河南",
      "x": "10",
      "y": "20",
      "country": "CUR_PLAYER"
    },
    {
      "name": "江西",
      "x": "10",
      "y": "20",
      "country": "CUR_PLAYER"
    },
    {
      "name": "福建",
      "x": "10",
      "y": "20",
      "country": "CUR_PLAYER"
    },
    {
      "name": "纽约",
      "x": "10",
      "y": "20",
      "country": "罗马"
    }
  ],
  "guanyuans": [
    {
      "guanzhi": "丞相",
      "suoshu": "CUR_PLAYER",
      "male": true,
      "age": 21,
      "birthYear": -20,
      "name": "范坚国",
      "id": "012708d8-d22d-4018-8b33-96023be9f8fe",
      "deadYear": 51,
      "zhili": 45,
      "wuli": 52,
      "tongsuai": 56,
      "zhengzhi": 40,
      "meili": 60,
      "qinglian": 53,
      "zhongcheng": 89,
      "juewei": "无",
      "quality": "白",
      "real": false
    },
    {
      "guanzhi": "中央将军",
      "suoshu": "CUR_PLAYER",
      "male": true,
      "age": 20,
      "birthYear": -19,
      "name": "任宸祥",
      "id": "2f3f0ee4-e31c-4859-91cc-ff6f3ef3ce8f",
      "deadYear": 54,
      "zhili": 50,
      "wuli": 52,
      "tongsuai": 54,
      "zhengzhi": 52,
      "meili": 56,
      "qinglian": 44,
      "zhongcheng": 51,
      "juewei": "无",
      "quality": "白",
      "real": false
    },
    {
      "guanzhi": "吏部尚书",
      "suoshu": "CUR_PLAYER",
      "male": true,
      "age": 27,
      "birthYear": -26,
      "name": "赵佳勇",
      "id": "7312f2d4-cc3a-4bee-87db-cbcbf0378080",
      "deadYear": 41,
      "zhili": 55,
      "wuli": 56,
      "tongsuai": 51,
      "zhengzhi": 45,
      "meili": 56,
      "qinglian": 61,
      "zhongcheng": 71,
      "juewei": "无",
      "quality": "白",
      "real": false
    },
    {
      "guanzhi": "户部尚书",
      "suoshu": "CUR_PLAYER",
      "male": true,
      "age": 35,
      "birthYear": -34,
      "name": "邱依谦",
      "id": "7f080ee1-a70e-4f6a-a934-871c6e543da3",
      "deadYear": 55,
      "zhili": 41,
      "wuli": 55,
      "tongsuai": 42,
      "zhengzhi": 59,
      "meili": 41,
      "qinglian": 84,
      "zhongcheng": 83,
      "juewei": "无",
      "quality": "白",
      "real": false
    },
    {
      "guanzhi": "礼部尚书",
      "suoshu": "CUR_PLAYER",
      "male": true,
      "age": 24,
      "birthYear": -23,
      "name": "陆伯",
      "id": "28f87721-23d5-4f74-b268-b1e358d91af3",
      "deadYear": 51,
      "zhili": 45,
      "wuli": 57,
      "tongsuai": 43,
      "zhengzhi": 45,
      "meili": 45,
      "qinglian": 50,
      "zhongcheng": 84,
      "juewei": "无",
      "quality": "白",
      "real": false
    },
    {
      "guanzhi": "兵部尚书",
      "suoshu": "CUR_PLAYER",
      "male": true,
      "age": 27,
      "birthYear": -26,
      "name": "谢厚",
      "id": "81df6b75-33ae-46af-a1e9-cc1697ff35dc",
      "deadYear": 49,
      "zhili": 51,
      "wuli": 42,
      "tongsuai": 43,
      "zhengzhi": 44,
      "meili": 58,
      "qinglian": 65,
      "zhongcheng": 86,
      "juewei": "无",
      "quality": "白",
      "real": false
    },
    {
      "guanzhi": "刑部尚书",
      "suoshu": "CUR_PLAYER",
      "male": true,
      "age": 38,
      "birthYear": -37,
      "name": "何彬",
      "id": "63b27e29-4510-45a0-9f8f-4801edf2071c",
      "deadYear": 56,
      "zhili": 47,
      "wuli": 51,
      "tongsuai": 51,
      "zhengzhi": 57,
      "meili": 53,
      "qinglian": 67,
      "zhongcheng": 52,
      "juewei": "无",
      "quality": "白",
      "real": false
    },
    {
      "guanzhi": "工部尚书",
      "suoshu": "CUR_PLAYER",
      "male": true,
      "age": 37,
      "birthYear": -36,
      "name": "彭进",
      "id": "ddeb80c9-0179-412b-8c81-7ddac724b221",
      "deadYear": 60,
      "zhili": 58,
      "wuli": 55,
      "tongsuai": 45,
      "zhengzhi": 41,
      "meili": 50,
      "qinglian": 53,
      "zhongcheng": 76,
      "juewei": "无",
      "quality": "白",
      "real": false
    },
    {
      "guanzhi": "赋闲",
      "suoshu": "CUR_PLAYER",
      "male": true,
      "age": 21,
      "birthYear": -20,
      "name": "轩辕棋家",
      "id": "ad8627b1-e617-4137-851a-ca7146230616",
      "deadYear": 36,
      "zhili": 54,
      "wuli": 57,
      "tongsuai": 49,
      "zhengzhi": 56,
      "meili": 56,
      "qinglian": 47,
      "zhongcheng": 70,
      "juewei": "无",
      "quality": "白",
      "real": false
    },
    {
      "guanzhi": "赋闲",
      "suoshu": "CUR_PLAYER",
      "male": true,
      "age": 28,
      "birthYear": -27,
      "name": "朱乔时",
      "id": "70db653a-b9d8-4c3f-9100-e255ca57e10c",
      "deadYear": 67,
      "zhili": 54,
      "wuli": 42,
      "tongsuai": 44,
      "zhengzhi": 49,
      "meili": 48,
      "qinglian": 81,
      "zhongcheng": 64,
      "juewei": "无",
      "quality": "白",
      "real": false
    },
    {
      "guanzhi": "赋闲",
      "suoshu": "CUR_PLAYER",
      "male": true,
      "age": 38,
      "birthYear": -37,
      "name": "梁永",
      "id": "cc00912b-111e-4166-87a1-bfff657482a6",
      "deadYear": 30,
      "zhili": 46,
      "wuli": 48,
      "tongsuai": 59,
      "zhengzhi": 53,
      "meili": 57,
      "qinglian": 57,
      "zhongcheng": 83,
      "juewei": "无",
      "quality": "白",
      "real": false
    },
    {
      "guanzhi": "赋闲",
      "suoshu": "CUR_PLAYER",
      "male": true,
      "age": 37,
      "birthYear": -36,
      "name": "汪宜群",
      "id": "ac7b4f1d-3f55-4dcb-a651-8149bdaf1fb2",
      "deadYear": 28,
      "zhili": 55,
      "wuli": 44,
      "tongsuai": 51,
      "zhengzhi": 57,
      "meili": 59,
      "qinglian": 45,
      "zhongcheng": 81,
      "juewei": "无",
      "quality": "白",
      "real": false
    },
    {
      "guanzhi": "赋闲",
      "suoshu": "CUR_PLAYER",
      "male": true,
      "age": 16,
      "birthYear": -15,
      "name": "丁榕",
      "id": "14ca94b8-5aa0-43ce-b30d-9f09d11175af",
      "deadYear": 81,
      "zhili": 58,
      "wuli": 48,
      "tongsuai": 59,
      "zhengzhi": 58,
      "meili": 46,
      "qinglian": 85,
      "zhongcheng": 59,
      "juewei": "无",
      "quality": "白",
      "real": false
    },
    {
      "guanzhi": "赋闲",
      "suoshu": "CUR_PLAYER",
      "male": true,
      "age": 25,
      "birthYear": -24,
      "name": "孟轩晨",
      "id": "96e541a7-f206-4a3d-91bf-49444fea7159",
      "deadYear": 35,
      "zhili": 43,
      "wuli": 42,
      "tongsuai": 54,
      "zhengzhi": 52,
      "meili": 46,
      "qinglian": 73,
      "zhongcheng": 76,
      "juewei": "无",
      "quality": "白",
      "real": false
    },
    {
      "guanzhi": "赋闲",
      "suoshu": "CUR_PLAYER",
      "male": true,
      "age": 28,
      "birthYear": -27,
      "name": "陈世",
      "id": "553d2db4-8509-46b2-828f-4852f4c380dd",
      "deadYear": 47,
      "zhili": 48,
      "wuli": 47,
      "tongsuai": 46,
      "zhengzhi": 52,
      "meili": 47,
      "qinglian": 66,
      "zhongcheng": 60,
      "juewei": "无",
      "quality": "白",
      "real": false
    },
    {
      "guanzhi": "赋闲",
      "suoshu": "CUR_PLAYER",
      "male": true,
      "age": 30,
      "birthYear": -29,
      "name": "罗悦士",
      "id": "81074a7a-df45-4bcd-b9a9-ba1eddf132e2",
      "deadYear": 59,
      "zhili": 56,
      "wuli": 56,
      "tongsuai": 46,
      "zhengzhi": 50,
      "meili": 53,
      "qinglian": 45,
      "zhongcheng": 73,
      "juewei": "无",
      "quality": "白",
      "real": false
    },
    {
      "guanzhi": "赋闲",
      "suoshu": "CUR_PLAYER",
      "male": true,
      "age": 18,
      "birthYear": -17,
      "name": "谢明",
      "id": "5320aea9-f04b-4bad-88ea-7c9a384e25bc",
      "deadYear": 19,
      "zhili": 60,
      "wuli": 56,
      "tongsuai": 50,
      "zhengzhi": 40,
      "meili": 41,
      "qinglian": 53,
      "zhongcheng": 55,
      "juewei": "无",
      "quality": "白",
      "real": false
    },
    {
      "guanzhi": "赋闲",
      "suoshu": "CUR_PLAYER",
      "male": true,
      "age": 39,
      "birthYear": -38,
      "name": "徐星",
      "id": "caa0a9a8-8f59-46aa-96ac-500179223d5d",
      "deadYear": 60,
      "zhili": 45,
      "wuli": 47,
      "tongsuai": 42,
      "zhengzhi": 44,
      "meili": 47,
      "qinglian": 57,
      "zhongcheng": 61,
      "juewei": "无",
      "quality": "白",
      "real": false
    },
    {
      "guanzhi": "赋闲",
      "suoshu": "CUR_PLAYER",
      "male": true,
      "age": 32,
      "birthYear": -31,
      "name": "蔡学和",
      "id": "2a16bcb8-0542-48f9-8a60-c702a48300e0",
      "deadYear": 20,
      "zhili": 40,
      "wuli": 59,
      "tongsuai": 47,
      "zhengzhi": 53,
      "meili": 43,
      "qinglian": 74,
      "zhongcheng": 62,
      "juewei": "无",
      "quality": "白",
      "real": false
    },
    {
      "guanzhi": "赋闲",
      "suoshu": "CUR_PLAYER",
      "male": true,
      "age": 40,
      "birthYear": -39,
      "name": "吴裕冠",
      "id": "7b1b28bb-a172-41a4-af7b-63c2795e31d1",
      "deadYear": 47,
      "zhili": 41,
      "wuli": 45,
      "tongsuai": 44,
      "zhengzhi": 52,
      "meili": 55,
      "qinglian": 81,
      "zhongcheng": 63,
      "juewei": "无",
      "quality": "白",
      "real": false
    }
  ]
}